,title,price,hour1,volume24,marketcap
0,BTC,"27,025.05",0.06,"12,881,604,111476,661 BTC",523.61
1,ETH,"1,825.01",0.31,"5,506,686,2193,018,759 ETH",219.42
2,USDT,1.00,0.07,"19,716,740,89619,714,741,795 USDT",82.83
3,BNB,310.69,0.01,"407,346,3091,311,107 BNB",48.42
4,USDC,0.9999,0.00,"2,746,901,8792,746,938,196 USDC",29.67
5,XRP,0.4229,0.21,"759,166,2421,795,318,106 XRP",21.92
6,ADA,0.3666,0.05,"173,012,151471,890,963 ADA",12.78
7,DOGE,0.07214,0.13,"182,973,0422,536,259,925 DOGE",10.05
8,SOL,20.71,0.95,"256,577,98412,388,992 SOL",8.19
9,MATIC,0.843,0.12,"338,948,620402,096,119 MATIC",7.8
10,FLOKI,0.0...03392,0.08,"19,231,780567,039,604,491 FLOKI",329.37
11,BAT,0.0...03392,0.62,"12,022,26154,545,965 BAT",328.19
12,MASK,0.2204,0.37,"82,018,93120,782,641 MASK",316.21
13,AGIX,3.95,0.45,"36,160,671140,894,446 AGIX",311.85
14,OSMO,0.2567,0.22,"4,410,9157,022,043 OSMO",309.42
15,ROSE,0.6282,1.50,"9,853,297184,112,396 ROSE",306.43
16,ENS,0.05352,1.15,"10,954,6351,041,446 ENS",300.01
17,XEM,10.52,2.94,"7,579,162227,522,901 XEM",299.8
18,GNO,0.03331,0.40,"3,718,94432,236 GNO",298.75
19,HOT,115.36,6.59,"9,083,9195,342,660,868 HOT",294.94
20,stETH,0.0017,0.17,"11,199,1446,201 STETH",12.13
21,WTRX,"1,806.12",0.60,"1,922,77527,342,008 WTRX",7.15
22,HEX,0.07032,3.13,"23,038,094698,944,783 HEX",5.72
23,CNX,0.03296,0.28,"2,172,775110,006 CNX",2.12
24,WHBAR,19.75,2.04,"110,3062,101,640 WHBAR",1.65
25,BTCB,0.05249,0.13,"15,905,381588 BTCB",1.46
26,FRAX,"27,059.41",0.08,"11,310,74411,325,418 FRAX",1.0
27,WBNB,0.9987,0.45,"116,491,840374,715 WBNB",973.91
28,WEOS,310.88,1.57,"3,2653,685 WEOS",966.77
29,XRD,0.886,1.69,"3,189,41440,369,423 XRD",803.58
30,WNXM,0.07901,0.10,"6,819,451255,616 WNXM",77.27
31,LOOKS,26.68,2.98,"6,493,33269,398,980 LOOKS",77.19
32,POWR,0.09357,0.35,"1,795,38011,083,672 POWR",77.12
33,CQT,0.162,0.42,"538,9034,031,996 CQT",76.57
34,ARDR,0.1337,2.55,"469,2506,123,964 ARDR",76.55
35,NYM,0.07663,7.42,"459,2502,686,943 NYM",76.54
36,REP,0.1709,0.18,"43,150,3626,247,017 REP",75.98
37,XVS,6.91,0.09,"4,118,543816,095 XVS",75.22
38,RBN,5.05,0.02,"500,7983,580,355 RBN",74.75
39,CTC,0.1399,0.28,"26,239,36479,117,597 CTC",73.45
40,META,0.3317,0.10,"653,92124,083,489 META",45.82
41,STRK,0.02715,0.28,"4,457,541362,792 STRK",45.68
42,STMX,12.29,0.79,"3,172,030695,755,670 STMX",45.59
43,RSS3,0.004559,2.78,"1,030,5288,935,818 RSS3",45.37
44,MOVR,0.1153,0.02,"1,770,924271,519 MOVR",45.35
45,RKN,6.52,2.40,"18,56899,696 RKN",45.23
46,MBL,0.1862,2.30,"744,920264,241,662 MBL",45.21
47,DAG,0.002819,12.84,"278,0387,838,067 DAG",44.94
48,ZBC,0.03547,0.16,"10,558,692716,029,774 ZBC",44.94
49,MXC,0.01475,0.86,"1,384,24981,667,074 MXC",44.78
50,BOBA,0.01695,0.75,"1,059,6946,125,457 BOBA",29.69
51,WXT,0.173,2.92,"154,05351,944,785 WXT",29.66
52,QUICK,0.002966,1.90,"1,422,33524,713 QUICK",29.58
53,MAP,57.55,3.75,"1,141,76885,966,364 MAP",29.29
54,LYRA,0.01328,1.18,"270,4133,424,333 LYRA",29.25
55,AVA,0.07897,0.45,"1,018,1431,828,259 AVA",29.1
56,USDK,0.5569,5.26,407400 USDK,29.08
57,AKT,1.02,0.27,"787,1923,091,207 AKT",29.0
58,DIA,0.2547,0.34,"3,683,02612,114,206 DIA",28.67
59,BAKE,0.304,0.74,"2,731,78918,446,975 BAKE",28.66
60,SRM,0.1481,0.09,"4,611,10858,955,450 SRM",20.59
61,DF,0.07821,0.28,"3,085,92664,963,443 DF",20.52
62,MDAO,0.0475,0.21,"1,388,0434,781,848 MDAO",20.49
63,TRB,0.2903,2.34,"2,883,444241,354 TRB",20.35
64,MET,11.95,1.47,"6,7484,762 MET",20.26
65,OPTI,1.42,0.28,"531,6262,506,909 OPTI",20.15
66,GYEN,0.2121,0.06,"263,16535,914,961 GYEN",20.03
67,HARD,0.007327,8.48,"1,144,4927,807,547 HARD",19.76
68,MIM,0.1466,0.23,"5,0048,577 MIM",19.72
69,OAX,0.5835,0.88,"18,031,24170,462,322 OAX",19.72
70,NCT,0.2559,2.01,"207,62823,338,022 NCT",13.76
71,EGG,0.008897,1.00,"582,672113,529,617 EGG",13.73
72,POOLX,0.005132,0.14,"1,844,355619,007 POOLX",13.68
73,DACXI,2.98,0.06,"14,8489,805,205 DACXI",13.63
74,TTT,0.001514,0.63,"759,085313,970,404 VEED",13.56
75,VEED,0.1123,7.50,"28,06762,623 HSF",13.46
76,HSF,0.002418,0.31,"662,34819,245,473 THN",13.45
77,THN,0.4482,3.46,"12,01130,421 SLND",13.45
78,SLND,0.03442,5.76,"1,535,74117,286,284 NWC",13.43
79,NWC,0.3948,0.41,"12,481830 NFTX",13.36
80,NFTX,0.08884,2.43,"11,27323,715 XMC",9.12
81,XMC,15.04,6.49,"235,88215,052,659 SWASH",9.12
82,SWASH,0.4754,0.52,"359,61120,038,749 OOE",9.11
83,OOE,0.01567,0.40,"216,031424,352 AURY",9.05
84,AURY,0.01795,6.95,"1,302,51862,757,411,100,709 PAW",9.0
85,PAW,0.5091,1.73,"203,9641,561,847,884,435 AKITA",8.91
86,AKITA,0.0...02075,28.79,"20,71123,066 SFD",8.89
87,SFD,0.0...02075,0.05,12361 BTSE,8.85
88,BTSE,0.0...01306,1.42,"88,4147,075,336 HEGIC",8.82
89,HEGIC,0.0...01306,5.97,"1,148,894353,155,787 MYRIA",8.79
90,MYRIA,0.8979,13.32,"59,539321,138 MASQ",6.4
91,MASQ,2.03,0.70,"17,098130,140 ZCN",6.37
92,ZCN,0.0125,3.53,"131,125124,381 AVT",6.36
93,AVT,0.003253,0.49,"308,398129,391,684 MCRT",6.33
94,MCRT,0.1854,3.52,"389,489127,637 ORAI",6.24
95,ORAI,0.1314,0.06,"13,4954,733,473 KAT",6.24
96,KAT,1.05,0.71,"138,17385,537 XOR",6.23
97,XOR,0.002383,0.25,"878,660323,563 ASR",6.2
98,ASR,3.05,0.05,"2,8275,713 RGT",6.18
99,RGT,0.002851,32.34,"242,869365,961,892 BAAS",6.17
100,BAAS,1.62,2.80,"111,415752,290 LTX",4.25
101,LTX,2.72,0.58,"45,329813,661 NAV",4.24
102,NAV,0.4948,0.07,"2,246,6012,121,134,101 SWFTC",4.24
103,SWFTC,0.0006636,1.95,"73,4594,300,112 DCB",4.24
104,DCB,0.1481,6.54,"3,145,98397,817,158 BTR",4.24
105,BTR,0.05571,0.29,"108,22210,631,634 GMEE",4.23
106,GMEE,0.001059,1.36,"255,3264,964,164 UNO",4.22
107,UNO,0.01708,0.05,"2,561611,818 IPAD",4.2
108,IPAD,0.03216,2.87,"59,3283,037,159 MAN",4.19
109,MAN,0.01018,0.08,"19,86017,401 NSBT",4.19
110,NSBT,0.05143,0.89,"83,53710,199,952 XFC",3.08
111,XFC,0.004186,14.77,"67343,853 TEN",3.07
112,TEN,0.01953,0.17,"726,93388,580,062 DIO",3.07
113,DIO,1.14,0.54,"52,2232,025,329 XEND",3.06
114,XEND,0.00819,0.55,"34,48465,478,597 SHX",3.05
115,SHX,0.01534,6.50,"20,82126,524 LAND",3.05
116,LAND,0.008207,22.72,"620,92513,273,889 PBR",3.05
117,PBR,0.02578,0.11,"83,0121,236,536 HC",3.05
118,HC,0.0005266,1.26,"383,19723,964,815 OLE",3.03
119,OLE,0.785,10.27,"31,4701,121,988,360,771 TIFI",3.02
120,TIFI,0.04678,3.34,"23,4051,939,747 GAME",2.2
121,GAME,0.06713,0.00,"49,7172,978,542 GST",2.18
122,GST,0.01599,6.10,"72,217257,438 CDT",2.18
123,CDT,0.0...02805,0.29,"168,9042,550,851 SMT",2.17
124,SMT,0.0...02805,2.34,"2,439112,390 SHOP",2.17
125,SHOP,0.01207,0.29,"13,7761,304,703 PAY",2.17
126,PAY,0.01669,0.29,"20,1533,316,556 GFI",2.17
127,GST,0.2805,1.13,"40,93187,786 MENGO",2.17
128,GFI,0.06621,0.73,"128,5184,064,196 XTN",2.14
129,MENGO,0.0217,1.16,"13,35040,680,169 GMB",2.14
130,XTN,0.01056,28.18,"143,341165,743,147 UNB",1.64
131,GMB,0.05299,0.38,"44,88521,480,733 MIR",1.64
132,EMC,0.006076,0.24,"340,72364,776,557 REAP",1.63
133,UNB,0.4663,0.22,"12614,193 BIR",1.63
134,MIR,0.03162,0.10,"610,394187,977,097 INT",1.63
135,REAP,0.0003282,2.42,"57,79648,989,796 TCT",1.62
136,GHOST,0.0321,0.28,"238,881139,967,554 DREAMS",1.6
137,BIR,0.0008648,0.03,"60,2024,063,068 BBS",1.58
138,INT,0.00209,20.17,"234,818154,644 IBFK",1.58
139,LEVL,0.00526,8.07,"72,17811,696,082 DRM",1.57
140,EDG,0.2961,0.92,"343,54268,012,390 WELT",1.18
141,TCT,0.008909,1.01,"83,5442,008,896 GAME",1.17
142,DREAMS,0.003247,0.80,"5,6985,302,486 FO",1.17
143,BBS,0.01214,0.51,"239,012659,223 ZYB",1.16
144,LOG,0.00964,0.12,"7,4721,695,387 ETHPAD",1.16
145,IBFK,0.00118,0.44,"148,84984,739,480 AME",1.16
146,DRM,0.001707,2.51,"492,3384,004,296 MARSH",1.16
147,WELT,0.01482,20.37,"1,964242,139 VPP",1.16
148,GAME,0.1444,0.73,"111,060 DTX",1.16
149,FO,1.52,7.96,"604,958 SATA",1.15
150,LEDU,0.006171,0.00,"3,618252,776 8PAY",884051.6
151,ZYB,0.005051,0.03,"44636,513,920 HTML",880396.5
152,ETHPAD,0.04159,3.79,"39,2193,435,540 MIST",878886.4
153,AME,0.001075,4.00,"855,826267,963,273 LIKE",878272.1
154,MARSH,0.003735,0.04,"43,08965,542,618 CATHEON",872482.9
155,MINT,0.3626,0.84,"1,563214,988 OK",869916.7
156,VPP,0.004407,2.48,"5517,460 TKS",867965.7
157,DTX,0.001757,21.50,"5,5518,793,087 NAFT",867925.2
158,SATA,0.123,0.02,"9,9131,052,392 RDN",860566.9
159,8PAY,0.00826,2.11,"502,931 NFT",858882.2
160,HTML,0.008113,0.03,"7,2763,791,552 SNET",648832.2
161,MIST,0.0103,0.37,"4158,821 KRB",643348.5
162,BTA,0.01208,0.09,"0.984221,313 SHIBX",640909.6
163,LIKE,0.01431,0.07,"5,9888,566,440,338 TKING",636746.1
164,CATHEON,0.0...01223,3.49,"468,752259,544,921 AAC",636730.8
165,OK,0.0...01223,19.58,"10,4337,431,163 MTN",633483.9
166,TKS,0.01142,0.02,"354,7641,379,933 HGET",632941.0
167,NAFT,0.1268,6.50,"7,6662,734,116 AYA",629764.0
168,RDN,0.003194,0.29,"288,5788,057,966 KEX",629195.9
169,NFT,0.0006574,1.54,"21,40718,283 BANK",629106.9
170,SNET,0.007268,9.27,"59,9774,075,646 FPFT",457894.3
171,KRB,0.003165,0.25,"33883,884 X8X",453820.9
172,NIX,0.0006312,7.50,"9,54561,410,871 RATING",452167.8
173,SHIBX,0.00942,8.43,"2,25217,305,968 CHEEMS",452028.0
174,TKING,0.01707,2.11,"48,81917,311,057 GEM",451581.2
175,AAC,0.001919,3.45,"451,258 ZCL",451513.0
176,MTN,0.047,2.38,"708,240327,037,523 RITE",450604.5
177,HGET,0.009183,0.13,"28442,458 GEN",450275.8
178,AYA,0.0...04618,5.19,"151,31210,797,490 PTF",449928.5
179,KEX,0.0...04618,1.04,"1,507675,919 JAR",448808.0
180,BANK,0.0...00699,6.06,"11,188215,971,452 XSR",333817.5
181,FPFT,0.0...00699,0.19,"16,89847,920 LEG",333755.1
182,X8X,0.001806,0.19,"10,143171,330 DHV",332703.4
183,RATING,0.001404,3.06,"15,62515,316,732 ARES",332697.9
184,CHEEMS,0.2571,11.46,"39,477177,819,030 CVT",331919.5
185,GEM,0.002804,0.04,"218,1833,336,000 MIT",331671.3
186,ZCL,0.03581,15.02,"9540,504,021 KANGAL",329023.4
187,RITE,1.17,29.03,"43411,203 IF",328384.0
188,GEN,0.01472,0.19,"213624,275 LEAD",328264.4
189,PTF,0.004032,0.09,"644,64550,230,242 STND",326679.2
190,JAR,0.0001554,1.34,"204,73811,916,877,365 UUU",241196.8
191,XSR,0.0001301,5.20,"168,53897,932,129 ARGON",240429.3
192,UTU,0.00282,0.08,"52,7392,908,917 ETHA",239176.5
193,LEG,0.03543,0.78,"10,3963,137,508 STX",238671.9
194,DHV,0.002166,0.05,"42,9931,868,669,749 NCASH",237957.2
195,ARES,0.006695,0.17,"1,3174,023,049 SPWN",235831.6
196,CVT,0.01401,92.96,"4691,982,983 DAPP",235419.0
197,MIT,0.00223,3.14,"17,15815,932,455 DINO",234622.1
198,KANGAL,0.0000518,54.23,"20,44547,231 LEV",233634.9
199,IF,0.001921,0.52,"49,59546,260,351 TCP",232397.4
200,LEAD,0.3526,1.14,"304,293 MSR",172436.2
201,STND,0.0592,1.13,"6,8927,779,684 DOS",172323.6
202,UUU,0.00102,7.38,"7,79789,807 BCUG",171712.2
203,ARGON,0.000222,0.06,"150,92867,406,772 VISION",171460.5
204,ETHA,0.0654,13.06,"230,6031,279,264,160 CAPP",169688.5
205,STX,0.0...02336,23.44,"10,882153,799,305 ZSC",169425.1
206,NCash,0.0...02336,0.19,"181,165 SNOB",168532.9
207,SPWN,0.03873,0.26,"151,6971,700,165 BOMB",168289.0
208,DAPP,0.0003412,0.11,"87,7027,346,192 FOTA",167977.5
209,DINO,0.01283,0.55,"745,701 BPS",167418.0
210,LEV,0.0...01718,2.94,"89,85510,927,450 NUX",123807.1
211,TCP,0.0...01718,0.96,"24,11144,582,499 AUX",123486.9
212,ARCO,0.001721,0.08,"28279,209 CATT",122444.0
213,MSR,0.01813,7.57,"1310,870 ATMOS",121431.6
214,DNA,0.003313,6.23,"17,78512,703,435 PHX",120865.4
215,DOS,0.0...02301,3.80,"73,528 BREW",120431.8
216,BCUG,0.0...02301,0.15,"2,4001,583,014 KWT",119630.6
217,VISION,0.0003273,4.98,"258,668 SOC",119600.9
218,CAPP,0.0002366,2.99,"46,487 ORMEUS",119562.5
219,XST,0.001077,8.16,"28611,153,489 DGTX",118893.1
220,ZSC,0.4329,15.60,"4,8552,345,326 NIFT",82749.8
221,SNOB,0.001072,0.04,"3,288101,159,277 ASW",80622.3
222,BOMB,0.02876,7.14,509102 WARP,79435.3
223,IG,0.007032,27.04,"141,196,728 RHT",78222.9
224,FOTA,0.000006,1.08,"0.82842,046 ABX",78199.9
225,BPS,0.0008859,0.17,"213242,071 MOWA",77924.4
226,NUX,0.08682,1115.26,"99387,440 ZUKI",77920.9
227,AUX,0.002239,0.22,"16658,573 HB",76741.5
228,CATT,0.0001803,0.12,4248 ROFI,76439.2
229,ATMOS,0.003,1.65,0449 EGG,76316.5
230,MAS,0.0...07075,0.31,"113,21861,463,561 CYL",46340.0
231,SHARD,0.0...07075,2.62,"2,856,984279,260 CHEEL",46246.0
232,PHX,0.01528,3.42,"2,818,9041,876 GRAIL",46144.7
233,DOGES,0.08922,1.31,"2,778,8651,889,285,115 KARATE",45948.6
234,BREW,0.0...01824,3.63,"2,699,267348,218,527,215 FOUR",45711.2
235,KWT,0.0...01824,15.08,"2,635,578118,032,018 CUSDT",45478.2
236,OPAL,0.01194,4.37,"2,495,08636,144,823,891 MONKEYS",45088.5
237,RBIES,0.013,0.23,"2,487,56225,137,704 PLEX",45068.0
238,SOC,0.008223,0.02,"2,450,9881,749,182,297,983,710 NORMIE",45001.3
239,BEET,0.0005408,6.28,"2,439,79624,657,778 VELO",44500.3
240,GSAIL,0.0...09998,1.53,"2,402,2776,815,982 APEX",24050.9
241,ORMEUS,0.0...09998,7.10,"1,147,877331,419,257 CAP",23951.6
242,DGTX,0.001217,10.91,"1,140,7334,598,586 PMG",23882.0
243,SINS,0.000237,21.73,"1,112,73770,526 TLC",23811.7
244,NIFT,0.002704,0.29,"1,110,9075,547,784,736 DBX",23807.5
245,2KEY,0.0014,2.68,"1,102,339124,696,030 GBSK",23511.8
246,ASW,2.30,1.29,"1,097,0846,801,489,553 SFM",23406.4
247,WARP,0.001966,2.81,"1,092,90346,716,117,199,014 GRUMPYCAT",23400.6
248,ETHPLO,0.001516,6.68,"1,078,17247,164,596 STORE",23089.4
249,ARO,0.002975,2.46,"1,077,11471,818,283,399,923 TOAD",23012.8
250,CREVA,0.004327,0.15,"1,075,4841,076,368 USDP",9841.8
251,BSD,0.00003,6.75,"692,543846,183 FTN",9651.3
252,RHT,0.0001535,0.52,"690,7167,108,055 TDX",9583.1
253,ABX,0.0065,0.75,"689,1441,536,646 PLS",9542.8
254,MOWA,0.0006671,6.40,"684,03924,819,930 AGI",9526.2
255,EDRC,0.0...02565,0.96,"680,493191,804 DHX",9512.9
256,APC,0.0...02565,0.53,"678,416228,311,855 WSB",9465.7
257,TCH,0.0009736,0.29,"669,1575,421,842 AREA",9453.5
258,DOM,0.00207,0.29,"667,8383,447,183 REVO",9412.7
259,ZUKI,0.0003,20.54,"666,53965,836,562,086 GM",9394.4
260,LTCU,0.0000325,16.10,"663,87711,560,129 MMXN",1394.3
261,DONU,5.01,2.44,"489,356609,005,826 BERRY",1371.2
262,SANDG,0.0005151,0.00,"488,36333,307 UMAMI",1359.7
263,HB,0.0001443,0.00,"483,748409,524 TRIBL",1312.9
264,ROFI,0.0002704,0.85,"481,5163,959,677 HACHI",1205.2
265,CBIX-P,0.0002975,1.53,"481,261939,203 ALT",1194.6
266,EGG,0.0...01198,1.26,"480,690232,883,550 ADADOWN",1144.9
267,DEP,0.0...01198,0.03,"480,360869,040 ALPHA",1097.3
268,CYL,0.000405,1.02,"476,891543,439 POX",1039.6
269,CONX,0.0008812,0.02,"476,285485,084,002,893,886 LKC",1006.2
270,CHEEL,0.003245,11.90,"473,52814,709,912 LSD",1.24
271,GRAIL,0.0002704,10.23,"353,80879,167,138 NEWS",14.81
272,KARATE,0.0001717,1.46,"353,3633,996,538 BIDZ",6.99
273,FOUR,0.0...07124,9.12,"352,366351,198 BB-T-USDC",3.44
274,CUSDT,0.0...07124,0.04,"350,0454,487,017 METAL",34.52
275,MONKEYS,0.0002552,6.82,"348,841422,996 WWEMIX",32.73
276,PLEX,0.001352,0.03,"347,413374,677,426 MUSK",589478.8
277,NORMIE,0.0002704,0.02,"347,2173,169,490,673 BISC",13.95
278,VELO,0.0004437,0.10,"347,129916,953 XELS",12.2
279,APEX,0.0...02454,11.01,"346,74014,706 RDPX",1.46
280,CAP,0.0...02454,50.64,"346,690666,757,795,762 GCAKE",4.13
281,PMG,0.01463,1.86,"263,744240,208 QUINT",2.29
282,TLC,0.007086,2.42,"263,627237,386 VCHF",397809.1
283,DBX,0.0...02704,0.95,"263,1509,612,893,086,706 NYAN",90.28
284,GBSK,0.0...02704,5.42,"262,1375,980,552,031 PEPES",9.02
285,SFM,0.0...00208,0.18,"261,8332,446,118 SX",384.66
286,GRUMPYCAT,0.0...00208,0.92,"261,44217,034,389 PORT",1.75
287,STORE,0.001842,2.03,"261,36150,025,877,352,703 GENSLR",4.86
288,$TOAD,0.001352,0.16,"260,60124,156,266,409,903 GUAC",448876.6
289,USDP,10.23,0.19,"260,51483,313,460 DEVT",114.51
290,FTN,"1,502.34",10.71,"259,47413,720,465 IZI",7.78
291,TDX,0.001471,0.63,"208,90591,525,482 VERA",1.38
292,PLS,0.0...07752,23.80,"208,7351,342,191,222,309,907 SCRAPPY",7.87
293,AGI,0.0...07752,25.73,"208,24019,025,478 HELI",10.39
294,DHX,0.02233,14.37,"206,4551,282,294,386 RBP",43.88
295,WSB,0.0...06903,0.49,"206,0612,749,630,288 POLX",1940.6
296,AREA,0.0...06903,8.52,"205,7613,018,466,944 CELT",1.11
297,REVO,0.09896,0.00,"205,598130,418 KUB",10.1
298,GM,0.0...01401,2.88,"205,13443,886,944,913 HER",362.51
299,MMXN,0.0...01401,17.48,"204,31572,021,036 SEAN",3.21
300,BERRY,0.09895,0.26,"204,11367,284 STAR",649062.1
301,UMAMI,0.3524,3.20,"168,7971,041,540 WRT",17.17
302,TRIBL,0.003464,9.08,"167,803238,972,991 NOOT",3.33
303,HACHI,0.2481,29.92,"167,58442,550,072 YETI",31.86
304,ALT,15.78,68.18,"167,3868,742,108 METAF",486686.5
305,ADADOWN,0.0002002,0.71,"167,3074,484,211 WSI",878.39
306,ALPHA,0.00884,0.17,"165,75725,433,970 ASY",33316.2
307,POX,0.0001613,3.23,"165,382121,875 BTCVB",4.38
308,LKC,0.0...02339,3.20,"164,96211,922,037 HIODBS",10.92
309,LSD,0.0...02339,2.05,"164,54239,776,596 LGX",33228.1
310,NEWS,0.02286,0.17,"164,388335,517 TRI",1.97
311,BIDZ,0.0...00015,0.00,"140,6584,855,428 ASTO",1.07
312,bb-t-USDC,0.0...00015,0.00,"140,0721,482,075 ADS",28142.2
313,METAL,0.9992,0.00,"140,009587,020 SMART",3.14
314,WWEMIX,0.8184,0.19,"139,958533 NVDA",65424.7
315,MUSK,0.09717,0.15,"139,578406,570,553 GOOCH",350250.1
316,BISC,0.4485,0.05,"138,9087,199,795,333 O",3.46
317,XELS,0.02756,3.93,"138,7543,275,441 EQ",202781.6
318,RDPX,3.55,0.56,"138,538263,302 POP",300868.7
319,GCAKE,0.002971,25.60,"137,0267,927,256,033,867,573 MEME",1.52
320,QUINT,0.1234,0.19,"136,998987,715 TMT",5.05
321,VCHF,0.1937,0.19,"117,96916,849,684 ASSA",702186.0
322,NYAN,0.0...01012,0.20,"117,85023,423,938 HMT",499183.6
323,PEPES,0.0...01012,0.02,"117,6729,800,830,315,996,784,640 4CHAN",4.71
324,SX,0.05743,5.48,"117,046167,441 REDUX",216028.7
325,PORT,0.0008035,193.80,"116,6027,796,558 YEON",744084.5
326,GENSLR,14.66,0.47,"116,51018,779 VP",898524.0
327,GUAC,1.18,0.57,"116,391173,168 MC",15.15
328,DEVT,0.1216,0.28,"116,1141,955,560 VC",8.92
329,IZI,0.5124,0.31,"116,04723,292,307 ADAX",5.8
330,VERA,0.002064,0.21,"115,922251,792,090 VRGW",2.39
331,SCRAPPY,0.5527,134.43,"101,86220,526,857 CLOAK",3.52
332,HELI,0.8775,0.19,"101,791602,292,656 PNFT",17.08
333,RBP,0.0...09819,0.19,"101,6826,691,388 STRIP",7.26
334,POLX,0.0...09819,0.19,"101,667isk335,826",2.87
335,CELT,0.03219,7.73,"101,60630,140,385 PRY",22218.4
336,KUB,0.004469,0.03,"101,5673,225,232 NTIC",1.2
337,HER,0.08842,0.15,"101,51795,920 CZR",41.19
338,SEAN,1.00,0.01,"101,45714,055,601 REIGN",2.18
339,STAR,0.07801,0.19,"101,19523,306,207,734,342 BABYSHIBAINU",261116.8
340,WRT,0.8247,0.19,"101,143470,633 BPRIVA",92077.7
341,NOOT,0.0009272,0.21,"87,64415,852,104 ZYRO",342404.1
342,YETI,0.0001095,0.00,"87,52162,721 MIST",27.14
343,METAF,0.3786,7.75,"87,31126,457,256 DFD",1.0
344,WSI,23.58,0.03,"87,181537,531 BLXM",452676.3
345,ASY,0.0...00052,0.46,"87,1301,120,835 CBSL",129207.2
346,BTCVB,0.0...00052,0.17,"86,97811,958,183 DAFT",537271.0
347,HIODBS,1.10,0.17,"86,88938,256,508 WC",193508.9
348,LGX,1.11,0.20,"86,82092,358,764 SRBP",1.59
349,TRI,0.0...02737,26.39,"86,817410,964,800 PRDS",2.56
350,ASTO,0.0...02737,0.00,"86,728549,614 MBASE",188935.6
351,$ADS,0.0...04383,0.17,"74,10448,702 INDEX",940.0
352,SMART,0.0...04383,1.68,"74,0224,420,096,272 PEPEF",211251.2
353,NVDA,0.107,1.16,"73,522175,560 EVY",446073.5
354,GOOCH,0.01535,0.26,"73,08750,013 STRD",727074.4
355,O,0.0...05225,1.60,"73,02612,109,640 M",12.56
356,EQ,0.0...05225,4.95,"72,747505,089 MTD",13.44
357,POP,0.0...01079,0.17,"72,39725 TBC",44969.6
358,MEME,0.0...01079,3.32,"72,329773,645 LBT",14.35
359,TMT,0.003127,13.64,"72,2831,807,006 CIC",8.79
360,ASSA,0.01891,0.68,"72,24922,858 CHICA",12.64
361,$HMT,0.002282,2.78,"63,53611,904,941 GOLD",255206.0
362,4CHAN,0.0...01555,0.02,"63,3952,888,132 ISHND",4.28
363,REDUX,0.0...01555,2.33,"63,3288,876,092 BIZA",19.96
364,YEON,0.01095,11.91,"63,317274,802 COVN",33.6
365,VP,0.000161,223.43,"63,2354,183,481 HPX",16.35
366,MC,0.0...07494,0.18,"63,135223,293,707 SON",414061.6
367,VC,0.0...07494,2.91,"63,082349 PINKSALE",249093.8
368,ADAX,0.0...06817,0.30,"63,06265,347,110 XTT",174839.7
369,VRGW,0.0...06817,2.57,"62,964768,634 OVO",4.24
370,CLOAK,1.58,0.02,"62,90634,724 VITA",21827.6
371,PNFT,0.0...04674,1.55,"53,602647,276 REAL",28181.4
372,STRIP,0.0...04674,21.17,"53,57717,852,748 MNFT",3.0
373,ISK,0.002837,0.03,"53,4379,474,559 BKN",6.11
374,PRY,3.03,0.16,"53,3902,971 MVI",102.19
375,NTIC,0.1621,20.55,"53,16325,907 SQUA",1.02
376,CZR,0.0007022,1.69,"53,132167,957,344,209 MARKETING",11.95
377,REIGN,0.003939,7.61,"53,083376,721 MDCX",1453.8
378,BABYSHIBAINU,0.01915,0.03,"53,07457,019,421 BLOCKS",6.38
379,bPRIVA,0.03731,7.00,"53,0123,558,830 NPAS",496282.1
380,ZYRO,0.006517,79.93,"53,005133,729 KOKO",1.19
381,MIST,1.36,0.00,"46,90137,134,069 METO",2.71
382,DFD,0.01384,0.03,"46,8641,634,593 LARO",472759.7
383,BLXM,0.004137,0.01,"46,86215,683,289,938 OUSE",3.26
384,CBSL,0.49,0.07,"46,85120,169,767 RAMEN",8336.2
385,DAFT,0.02897,1.03,"46,786350,320,742 LUNCH",325122.5
386,W$C,0.09451,0.05,"46,765882,244 LIT",249612.2
387,SRBP,0.2385,0.78,"46,7591,625,773 CRT",8.91
388,PRDS,262.70,0.36,"46,7214,707,120,116 ANTIS",396.33
389,MBASE,0.0003433,0.57,"46,6148,557,741 MPD",4.84
390,INDEX,0.0...01929,0.87,"46,6115,064,201 BTDMD",1.22
391,PEPEF,0.0...01929,12.71,"40,12940,084 BB-RF-DAI",914146.6
392,EVY,0.04236,6.11,"40,06833,601,917,204 SUZUME",513901.1
393,STRD,0.5262,6.83,"39,90940,561,026 NT",2.59
394,M,0.0...01729,0.04,"39,8817.390799467706242e+21 SHIBTORO",343578.0
395,MTD,0.0...01729,1.07,"39,857316 LSHARE",141946.2
396,TBC,0.1387,2.38,"39,79647,852,435 DEC",6.69
397,LBT,0.007001,140.09,"39,7959,731,940 PANDA",1.54
398,CIC,0.005031,0.12,"39,6641,459,395,247,580 3P",257613.3
399,CHICA,0.0...01201,0.80,"39,4612,420,631 BNI",486172.1
400,GOLD,0.0...01201,2.04,"39,4393,083,394 KSK",4.1
401,ISHND,0.699,0.12,"32,7695,013 WMOVR",1.32
402,BIZA,0.01496,0.16,"32,7471,991 WOKT",4.06
403,COVN,6.20,4.53,"32,6332,446,639 JAI",146163.3
404,HPX,0.6721,15.45,"32,59050,119,219,253,944 4JNET",211063.5
405,SON,0.05938,0.00,"32,54032,584,689 SCOTTY",263495.1
406,PINKSALE,0.004982,0.73,"32,5301,635,156 CGU",1.08
407,XTT,0.0004604,0.03,"32,4025,214 NIK",13.54
408,OVO,0.004962,1.63,"32,3092,811,895 XI",208797.9
409,VITA,0.000169,8.04,"32,2768,050,088 ENG",703596.3
410,REAL,0.0152,166.43,"32,146131,861,159,697 FLOKICASH",66769.2
411,MNFT,0.3027,15.57,"26,942116,728 ETHIX",98854.4
412,BKN,0.003371,1.67,"26,9137,855,486 CPT",10.51
413,MVI,0.03149,0.45,"26,8121,915,342 EMBR",8239.3
414,SQUA,1.06,1.47,"26,808179,484 ARMA",38.2
415,$MARKETING,0.007218,42.23,"26,7893,898,552 CID",1.33
416,MDCX,0.0...04342,103.27,"26,6998,464,300 TMSH",971015.7
417,BLOCKS,0.0...04342,0.25,"26,61943,203,102 ALTN",1.57
418,NPAS,0.2149,26.17,"26,535433,101 DMOON",5.51
419,KOKO,0.005529,236.85,"26,478317,385 TRTLS",376499.0
420,METO,1.40,0.02,"26,4351,460,718 AIN",1.57
421,LARO,0.0033,52.60,"21,243127,295,294 TNDR",9044.6
422,OUSE,0.1622,0.05,"21,2334,189,871 CORAI",1.75
423,RAMEN,0.07774,0.11,"21,206337,532 BUMP",4.51
